<?xml version="1.0" encoding="UTF-8"?>
<!DOCTYPE hibernate-configuration PUBLIC
		"-//Hibernate/Hibernate Configuration DTD 3.0//EN"
		"http://www.hibernate.org/dtd/hibernate-configuration-3.0.dtd">
<hibernate-configuration>
    <session-factory>
    	<!-- 
        <property name="hibernate.connection.driver_class">com.microsoft.sqlserver.jdbc.SQLServerDriver</property>
        <property name="hibernate.connection.password">P@ssW0rd</property>
        <property name="hibernate.connection.url">jdbc:sqlserver://localhost:1433;databaseName=DinBanDon</property>
        <property name="hibernate.connection.username">sa</property>
        -->
        <property name="hibernate.dialect">org.hibernate.dialect.SQLServerDialect</property>
        <property name="hibernate.connection.datasource">java:comp/env/ConnSqlServerJdbc/DinBanDonSystem</property>
        <property name="hibernate.format_sql">true</property>
        <property name="hibernate.show_sql">true</property>
        <property name="hibernate.current_session_context_class">thread</property>
        <mapping class="tw.DinBanDon.JavaBean.ProfileJavaBean"/>
        <mapping class="tw.DinBanDon.JavaBean.RandomSaltJavaBean"/>
    </session-factory>
</hibernate-configuration>
